PRICE,TIMESTAMP
0,2010-12-31
0.3,2011-01-01
0.3,2011-01-02
0.3,2011-01-03
0.3,2011-01-04
0.3,2011-01-05
0.3,2011-01-06
0.31,2011-01-07
0.32,2011-01-08
0.32,2011-01-09
0.33,2011-01-10
0.33,2011-01-11
0.33,2011-01-12
0.36,2011-01-13
0.38,2011-01-14
0.39,2011-01-15
0.4,2011-01-16
0.38,2011-01-17
0.34,2011-01-18
0.31,2011-01-19
0.35,2011-01-20
0.4,2011-01-21
0.42,2011-01-22
0.43,2011-01-23
0.41,2011-01-24
0.42,2011-01-25
0.41,2011-01-26
0.41,2011-01-27
0.44,2011-01-28
0.44,2011-01-29
0.47,2011-01-30
0.5,2011-01-31
0.66,2011-02-01
0.73,2011-02-02
0.7,2011-02-03
0.77,2011-02-04
0.87,2011-02-05
0.9,2011-02-06
0.88,2011-02-07
0.89,2011-02-08
0.93,2011-02-09
1.03,2011-02-10
0.98,2011-02-11
1.04,2011-02-12
1.04,2011-02-13
1.06,2011-02-14
1.05,2011-02-15
1.04,2011-02-16
1.05,2011-02-17
1.0,2011-02-18
0.93,2011-02-19
0.87,2011-02-20
0.85,2011-02-21
0.86,2011-02-22
0.91,2011-02-23
0.94,2011-02-24
0.96,2011-02-25
0.95,2011-02-26
0.94,2011-02-27
0.9,2011-02-28
0.92,2011-03-01
0.92,2011-03-02
0.93,2011-03-03
0.91,2011-03-04
0.91,2011-03-05
0.86,2011-03-06
0.88,2011-03-07
0.88,2011-03-08
0.86,2011-03-09
0.87,2011-03-10
0.9,2011-03-11
0.9,2011-03-12
0.9,2011-03-13
0.89,2011-03-14
0.88,2011-03-15
0.87,2011-03-16
0.84,2011-03-17
0.81,2011-03-18
0.77,2011-03-19
0.76,2011-03-20
0.75,2011-03-21
0.78,2011-03-22
0.83,2011-03-23
0.86,2011-03-24
0.88,2011-03-25
0.87,2011-03-26
0.85,2011-03-27
0.8,2011-03-28
0.79,2011-03-29
0.79,2011-03-30
0.79,2011-03-31
0.78,2011-04-01
0.79,2011-04-02
0.78,2011-04-03
0.7,2011-04-04
0.66,2011-04-05
0.72,2011-04-06
0.75,2011-04-07
0.76,2011-04-08
0.75,2011-04-09
0.74,2011-04-10
0.76,2011-04-11
0.84,2011-04-12
0.92,2011-04-13
0.94,2011-04-14
1.02,2011-04-15
1.03,2011-04-16
1.05,2011-04-17
1.15,2011-04-18
1.18,2011-04-19
1.16,2011-04-20
1.17,2011-04-21
1.28,2011-04-22
1.48,2011-04-23
1.67,2011-04-24
1.59,2011-04-25
1.64,2011-04-26
1.85,2011-04-27
2.02,2011-04-28
2.5,2011-04-29
3.15,2011-04-30
3.32,2011-05-01
3.17,2011-05-02
3.28,2011-05-03
3.38,2011-05-04
3.41,2011-05-05
3.47,2011-05-06
3.56,2011-05-07
3.75,2011-05-08
3.81,2011-05-09
4.68,2011-05-10
5.57,2011-05-11
5.64,2011-05-12
7.47,2011-05-13
8.21,2011-05-14
6.67,2011-05-15
7.64,2011-05-16
7.6,2011-05-17
7.13,2011-05-18
6.95,2011-05-19
6.54,2011-05-20
5.87,2011-05-21
6.36,2011-05-22
7.06,2011-05-23
7.08,2011-05-24
7.44,2011-05-25
8.48,2011-05-26
8.68,2011-05-27
8.44,2011-05-28
8.28,2011-05-29
8.57,2011-05-30
8.86,2011-05-31
9.06,2011-06-01
10.03,2011-06-02
12.77,2011-06-03
16.35,2011-06-04
17.4,2011-06-05
18.28,2011-06-06
19.19,2011-06-07
27.53,2011-06-08
29.64,2011-06-09
26.29,2011-06-10
19.82,2011-06-11
16.41,2011-06-12
20.87,2011-06-13
19.23,2011-06-14
19.68,2011-06-15
19.17,2011-06-16
15.77,2011-06-17
15.87,2011-06-18
17.59,2011-06-19
0.0,2011-06-20
0.0,2011-06-21
0.0,2011-06-22
0.0,2011-06-23
0.0,2011-06-24
0.0,2011-06-25
15.91,2011-06-26
16.95,2011-06-27
16.84,2011-06-28
16.88,2011-06-29
16.76,2011-06-30
16.09,2011-07-01
15.56,2011-07-02
15.47,2011-07-03
14.9,2011-07-04
13.25,2011-07-05
14.51,2011-07-06
15.15,2011-07-07
14.45,2011-07-08
14.34,2011-07-09
14.78,2011-07-10
14.5,2011-07-11
14.16,2011-07-12
14.03,2011-07-13
13.97,2011-07-14
13.96,2011-07-15
13.66,2011-07-16
13.34,2011-07-17
13.05,2011-07-18
13.81,2011-07-19
13.76,2011-07-20
13.63,2011-07-21
13.63,2011-07-22
13.64,2011-07-23
13.74,2011-07-24
14.12,2011-07-25
13.93,2011-07-26
13.95,2011-07-27
13.64,2011-07-28
13.52,2011-07-29
13.52,2011-07-30
13.37,2011-07-31
13.3,2011-08-01
12.67,2011-08-02
11.11,2011-08-03
10.56,2011-08-04
10.58,2011-08-05
8.79,2011-08-06
7.7,2011-08-07
7.81,2011-08-08
9.44,2011-08-09
10.05,2011-08-10
9.86,2011-08-11
9.34,2011-08-12
9.58,2011-08-13
10.46,2011-08-14
11.23,2011-08-15
11.07,2011-08-16
10.92,2011-08-17
10.91,2011-08-18
11.28,2011-08-19
11.48,2011-08-20
11.4,2011-08-21
11.15,2011-08-22
11.01,2011-08-23
10.95,2011-08-24
10.3,2011-08-25
9.09,2011-08-26
8.64,2011-08-27
8.82,2011-08-28
8.97,2011-08-29
8.8,2011-08-30
8.5,2011-08-31
8.23,2011-09-01
8.4,2011-09-02
8.53,2011-09-03
8.26,2011-09-04
7.76,2011-09-05
6.74,2011-09-06
7.0,2011-09-07
6.88,2011-09-08
5.52,2011-09-09
5.04,2011-09-10
5.42,2011-09-11
6.14,2011-09-12
5.9,2011-09-13
5.65,2011-09-14
5.18,2011-09-15
4.81,2011-09-16
4.83,2011-09-17
4.9,2011-09-18
5.18,2011-09-19
5.92,2011-09-20
5.75,2011-09-21
5.52,2011-09-22
5.54,2011-09-23
5.49,2011-09-24
5.41,2011-09-25
5.09,2011-09-26
4.91,2011-09-27
4.82,2011-09-28
4.75,2011-09-29
4.98,2011-09-30
5.03,2011-10-01
5.0,2011-10-02
4.96,2011-10-03
4.96,2011-10-04
4.91,2011-10-05
4.74,2011-10-06
4.53,2011-10-07
4.07,2011-10-08
4.15,2011-10-09
4.11,2011-10-10
3.98,2011-10-11
4.01,2011-10-12
4.09,2011-10-13
4.02,2011-10-14
3.91,2011-10-15
3.76,2011-10-16
2.94,2011-10-17
2.62,2011-10-18
2.31,2011-10-19
2.31,2011-10-20
2.54,2011-10-21
2.93,2011-10-22
3.11,2011-10-23
2.89,2011-10-24
2.73,2011-10-25
2.75,2011-10-26
2.88,2011-10-27
3.11,2011-10-28
3.53,2011-10-29
3.46,2011-10-30
3.19,2011-10-31
3.21,2011-11-01
3.22,2011-11-02
3.21,2011-11-03
3.16,2011-11-04
3.04,2011-11-05
2.96,2011-11-06
2.99,2011-11-07
3.07,2011-11-08
3.0,2011-11-09
2.89,2011-11-10
2.92,2011-11-11
3.05,2011-11-12
3.0,2011-11-13
2.5,2011-11-14
2.3,2011-11-15
2.43,2011-11-16
2.29,2011-11-17
2.22,2011-11-18
2.18,2011-11-19
2.28,2011-11-20
2.23,2011-11-21
2.3,2011-11-22
2.33,2011-11-23
2.37,2011-11-24
2.45,2011-11-25
2.48,2011-11-26
2.45,2011-11-27
2.51,2011-11-28
2.79,2011-11-29
2.85,2011-11-30
3.05,2011-12-01
3.09,2011-12-02
3.0,2011-12-03
2.75,2011-12-04
2.87,2011-12-05
2.98,2011-12-06
2.99,2011-12-07
2.96,2011-12-08
2.98,2011-12-09
2.99,2011-12-10
3.21,2011-12-11
3.21,2011-12-12
3.21,2011-12-13
3.16,2011-12-14
3.16,2011-12-15
3.18,2011-12-16
3.19,2011-12-17
3.19,2011-12-18
3.37,2011-12-19
3.96,2011-12-20
3.94,2011-12-21
3.87,2011-12-22
3.91,2011-12-23
3.92,2011-12-24
4.12,2011-12-25
4.04,2011-12-26
4.01,2011-12-27
4.13,2011-12-28
4.21,2011-12-29
4.19,2011-12-30
4.47,2011-12-31
4.94,2012-01-01
5.29,2012-01-02
5.01,2012-01-03
5.13,2012-01-04
6.17,2012-01-05
6.8,2012-01-06
6.69,2012-01-07
7.02,2012-01-08
6.67,2012-01-09
6.38,2012-01-10
6.77,2012-01-11
6.78,2012-01-12
6.62,2012-01-13
6.52,2012-01-14
6.86,2012-01-15
6.9,2012-01-16
6.61,2012-01-17
5.88,2012-01-18
6.16,2012-01-19
6.43,2012-01-20
6.34,2012-01-21
6.23,2012-01-22
6.3,2012-01-23
6.31,2012-01-24
6.09,2012-01-25
5.64,2012-01-26
5.3,2012-01-27
5.51,2012-01-28
5.52,2012-01-29
5.5,2012-01-30
5.51,2012-01-31
5.63,2012-02-01
6.02,2012-02-02
5.95,2012-02-03
5.91,2012-02-04
5.71,2012-02-05
5.6,2012-02-06
5.58,2012-02-07
5.66,2012-02-08
5.71,2012-02-09
5.87,2012-02-10
5.84,2012-02-11
5.65,2012-02-12
5.38,2012-02-13
4.78,2012-02-14
4.62,2012-02-15
4.23,2012-02-16
4.44,2012-02-17
4.31,2012-02-18
4.31,2012-02-19
4.36,2012-02-20
4.34,2012-02-21
4.45,2012-02-22
4.78,2012-02-23
4.97,2012-02-24
4.92,2012-02-25
4.9,2012-02-26
4.96,2012-02-27
4.91,2012-02-28
4.86,2012-02-29
4.93,2012-03-01
4.72,2012-03-02
4.68,2012-03-03
4.71,2012-03-04
4.91,2012-03-05
4.96,2012-03-06
4.95,2012-03-07
4.88,2012-03-08
4.89,2012-03-09
4.84,2012-03-10
4.88,2012-03-11
4.9,2012-03-12
5.05,2012-03-13
5.36,2012-03-14
5.35,2012-03-15
5.34,2012-03-16
5.34,2012-03-17
5.26,2012-03-18
5.1,2012-03-19
4.79,2012-03-20
4.82,2012-03-21
4.8,2012-03-22
4.7,2012-03-23
4.67,2012-03-24
4.59,2012-03-25
4.64,2012-03-26
4.69,2012-03-27
4.79,2012-03-28
4.77,2012-03-29
4.79,2012-03-30
4.87,2012-03-31
4.82,2012-04-01
4.89,2012-04-02
4.93,2012-04-03
4.94,2012-04-04
4.91,2012-04-05
4.94,2012-04-06
4.82,2012-04-07
4.74,2012-04-08
4.78,2012-04-09
4.83,2012-04-10
4.87,2012-04-11
4.89,2012-04-12
4.89,2012-04-13
4.96,2012-04-14
4.92,2012-04-15
4.94,2012-04-16
4.96,2012-04-17
5.1,2012-04-18
5.15,2012-04-19
5.19,2012-04-20
5.29,2012-04-21
5.19,2012-04-22
5.16,2012-04-23
5.07,2012-04-24
5.11,2012-04-25
5.09,2012-04-26
5.09,2012-04-27
4.99,2012-04-28
4.94,2012-04-29
4.94,2012-04-30
4.96,2012-05-01
5.09,2012-05-02
5.09,2012-05-03
5.11,2012-05-04
5.07,2012-05-05
5.05,2012-05-06
5.05,2012-05-07
5.03,2012-05-08
5.05,2012-05-09
5.02,2012-05-10
4.93,2012-05-11
4.95,2012-05-12
4.96,2012-05-13
4.97,2012-05-14
5.0,2012-05-15
5.06,2012-05-16
5.08,2012-05-17
5.09,2012-05-18
5.11,2012-05-19
5.11,2012-05-20
5.09,2012-05-21
5.09,2012-05-22
5.12,2012-05-23
5.12,2012-05-24
5.13,2012-05-25
5.12,2012-05-26
5.13,2012-05-27
5.13,2012-05-28
5.13,2012-05-29
5.14,2012-05-30
5.16,2012-05-31
5.24,2012-06-01
5.24,2012-06-02
5.23,2012-06-03
5.24,2012-06-04
5.4,2012-06-05
5.45,2012-06-06
5.49,2012-06-07
5.62,2012-06-08
5.6,2012-06-09
5.51,2012-06-10
5.5,2012-06-11
5.59,2012-06-12
5.84,2012-06-13
5.89,2012-06-14
6.03,2012-06-15
6.46,2012-06-16
6.38,2012-06-17
6.27,2012-06-18
6.44,2012-06-19
6.58,2012-06-20
6.69,2012-06-21
6.62,2012-06-22
6.52,2012-06-23
6.39,2012-06-24
6.31,2012-06-25
6.39,2012-06-26
6.5,2012-06-27
6.6,2012-06-28
6.63,2012-06-29
6.67,2012-06-30
6.65,2012-07-01
6.7,2012-07-02
6.58,2012-07-03
6.51,2012-07-04
6.65,2012-07-05
6.64,2012-07-06
6.73,2012-07-07
6.79,2012-07-08
6.85,2012-07-09
7.13,2012-07-10
7.12,2012-07-11
7.23,2012-07-12
7.64,2012-07-13
7.59,2012-07-14
7.54,2012-07-15
7.87,2012-07-16
8.36,2012-07-17
8.98,2012-07-18
9.11,2012-07-19
8.1,2012-07-20
8.52,2012-07-21
8.56,2012-07-22
8.36,2012-07-23
8.6,2012-07-24
8.6,2012-07-25
8.66,2012-07-26
8.66,2012-07-27
8.85,2012-07-28
8.69,2012-07-29
8.84,2012-07-30
9.07,2012-07-31
9.37,2012-08-01
9.71,2012-08-02
10.58,2012-08-03
10.92,2012-08-04
10.45,2012-08-05
10.7,2012-08-06
10.79,2012-08-07
10.89,2012-08-08
11.15,2012-08-09
11.16,2012-08-10
11.31,2012-08-11
11.38,2012-08-12
11.46,2012-08-13
11.7,2012-08-14
12.22,2012-08-15
13.21,2012-08-16
13.98,2012-08-17
12.08,2012-08-18
9.99,2012-08-19
9.82,2012-08-20
10.11,2012-08-21
9.97,2012-08-22
10.01,2012-08-23
10.12,2012-08-24
10.43,2012-08-25
10.54,2012-08-26
11.25,2012-08-27
10.97,2012-08-28
10.93,2012-08-29
10.79,2012-08-30
10.51,2012-08-31
10.16,2012-09-01
10.06,2012-09-02
10.3,2012-09-03
10.35,2012-09-04
10.38,2012-09-05
10.83,2012-09-06
11.04,2012-09-07
11.05,2012-09-08
10.98,2012-09-09
11.03,2012-09-10
11.06,2012-09-11
11.12,2012-09-12
11.3,2012-09-13
11.43,2012-09-14
11.65,2012-09-15
11.81,2012-09-16
11.84,2012-09-17
11.91,2012-09-18
12.19,2012-09-19
12.46,2012-09-20
12.37,2012-09-21
12.25,2012-09-22
12.07,2012-09-23
12.05,2012-09-24
12.06,2012-09-25
12.11,2012-09-26
12.26,2012-09-27
12.28,2012-09-28
12.33,2012-09-29
12.36,2012-09-30
12.32,2012-10-01
12.41,2012-10-02
12.66,2012-10-03
12.81,2012-10-04
12.77,2012-10-05
12.67,2012-10-06
12.21,2012-10-07
11.51,2012-10-08
11.61,2012-10-09
11.99,2012-10-10
12.04,2012-10-11
12.03,2012-10-12
11.99,2012-10-13
11.87,2012-10-14
11.74,2012-10-15
11.76,2012-10-16
11.79,2012-10-17
11.86,2012-10-18
11.8,2012-10-19
11.71,2012-10-20
11.67,2012-10-21
11.66,2012-10-22
11.69,2012-10-23
11.68,2012-10-24
11.32,2012-10-25
10.74,2012-10-26
10.42,2012-10-27
10.47,2012-10-28
10.65,2012-10-29
10.68,2012-10-30
10.85,2012-10-31
11.07,2012-11-01
10.76,2012-11-02
10.54,2012-11-03
10.61,2012-11-04
10.72,2012-11-05
10.78,2012-11-06
10.98,2012-11-07
10.94,2012-11-08
10.85,2012-11-09
10.84,2012-11-10
10.82,2012-11-11
10.96,2012-11-12
10.99,2012-11-13
10.96,2012-11-14
11.0,2012-11-15
11.45,2012-11-16
11.65,2012-11-17
11.68,2012-11-18
11.69,2012-11-19
11.7,2012-11-20
11.72,2012-11-21
12.07,2012-11-22
12.26,2012-11-23
12.36,2012-11-24
12.43,2012-11-25
12.42,2012-11-26
12.15,2012-11-27
12.3,2012-11-28
12.38,2012-11-29
12.53,2012-11-30
12.55,2012-12-01
12.51,2012-12-02
12.55,2012-12-03
12.88,2012-12-04
13.28,2012-12-05
13.44,2012-12-06
13.37,2012-12-07
13.46,2012-12-08
13.27,2012-12-09
13.34,2012-12-10
13.47,2012-12-11
13.6,2012-12-12
13.63,2012-12-13
13.67,2012-12-14
13.5,2012-12-15
13.44,2012-12-16
13.18,2012-12-17
13.21,2012-12-18
13.35,2012-12-19
13.51,2012-12-20
13.51,2012-12-21
13.41,2012-12-22
13.24,2012-12-23
13.35,2012-12-24
13.31,2012-12-25
13.31,2012-12-26
13.38,2012-12-27
13.41,2012-12-28
13.41,2012-12-29
13.4,2012-12-30
13.45,2012-12-31
13.4,2013-01-01
13.32,2013-01-02
13.35,2013-01-03
13.39,2013-01-04
13.43,2013-01-05
13.44,2013-01-06
13.47,2013-01-07
13.72,2013-01-08
13.74,2013-01-09
13.99,2013-01-10
14.12,2013-01-11
14.19,2013-01-12
14.12,2013-01-13
14.2,2013-01-14
14.23,2013-01-15
14.48,2013-01-16
15.03,2013-01-17
15.71,2013-01-18
15.48,2013-01-19
15.69,2013-01-20
16.41,2013-01-21
17.08,2013-01-22
17.22,2013-01-23
18.01,2013-01-24
16.94,2013-01-25
17.07,2013-01-26
17.54,2013-01-27
18.19,2013-01-28
19.18,2013-01-29
19.45,2013-01-30
20.42,2013-01-31
20.76,2013-02-01
19.8,2013-02-02
20.15,2013-02-03
20.52,2013-02-04
20.51,2013-02-05
21.11,2013-02-06
21.55,2013-02-07
22.49,2013-02-08
23.15,2013-02-09
23.61,2013-02-10
24.1,2013-02-11
25.07,2013-02-12
25.43,2013-02-13
26.0,2013-02-14
27.02,2013-02-15
27.17,2013-02-16
26.86,2013-02-17
26.74,2013-02-18
28.31,2013-02-19
29.52,2013-02-20
29.69,2013-02-21
30.48,2013-02-22
29.26,2013-02-23
29.71,2013-02-24
30.09,2013-02-25
30.89,2013-02-26
31.23,2013-02-27
33.05,2013-02-28
34.06,2013-03-01
34.11,2013-03-02
34.16,2013-03-03
35.29,2013-03-04
39.12,2013-03-05
45.23,2013-03-06
42.55,2013-03-07
43.28,2013-03-08
45.26,2013-03-09
47.08,2013-03-10
47.57,2013-03-11
44.23,2013-03-12
46.25,2013-03-13
47.44,2013-03-14
47.16,2013-03-15
46.87,2013-03-16
47.42,2013-03-17
48.1,2013-03-18
54.71,2013-03-19
61.18,2013-03-20
68.49,2013-03-21
71.59,2013-03-22
65.63,2013-03-23
68.15,2013-03-24
73.47,2013-03-25
77.06,2013-03-26
85.51,2013-03-27
90.32,2013-03-28
89.99,2013-03-29
91.14,2013-03-30
92.89,2013-03-31
100.95,2013-04-01
107.31,2013-04-02
130.64,2013-04-03
132.21,2013-04-04
138.09,2013-04-05
142.35,2013-04-06
152.14,2013-04-07
181.56,2013-04-08
209.65,2013-04-09
218.85,2013-04-10
146.89,2013-04-11
90.86,2013-04-12
109.42,2013-04-13
91.0,2013-04-14
91.0,2013-04-15
89.89,2013-04-16
82.86,2013-04-17
94.63,2013-04-18
118.62,2013-04-19
121.08,2013-04-20
124.21,2013-04-21
122.88,2013-04-22
131.96,2013-04-23
150.81,2013-04-24
152.26,2013-04-25
134.32,2013-04-26
134.0,2013-04-27
132.7,2013-04-28
139.6,2013-04-29
142.14,2013-04-30
128.08,2013-05-01
111.48,2013-05-02
93.51,2013-05-03
104.4,2013-05-04
114.15,2013-05-05
118.78,2013-05-06
107.96,2013-05-07
112.92,2013-05-08
111.84,2013-05-09
116.48,2013-05-10
116.27,2013-05-11
115.37,2013-05-12
116.73,2013-05-13
117.6,2013-05-14
112.02,2013-05-15
114.99,2013-05-16
119.54,2013-05-17
123.49,2013-05-18
122.53,2013-05-19
122.35,2013-05-20
122.27,2013-05-21
122.75,2013-05-22
125.02,2013-05-23
128.77,2013-05-24
131.49,2013-05-25
133.39,2013-05-26
132.85,2013-05-27
128.41,2013-05-28
129.7,2013-05-29
130.45,2013-05-30
128.62,2013-05-31
128.68,2013-06-01
123.37,2013-06-02
119.56,2013-06-03
121.64,2013-06-04
121.49,2013-06-05
121.13,2013-06-06
114.21,2013-06-07
109.26,2013-06-08
99.95,2013-06-09
104.53,2013-06-10
106.93,2013-06-11
108.96,2013-06-12
108.34,2013-06-13
101.7,2013-06-14
100.58,2013-06-15
99.99,2013-06-16
101.01,2013-06-17
105.2,2013-06-18
107.74,2013-06-19
110.23,2013-06-20
110.52,2013-06-21
108.62,2013-06-22
107.55,2013-06-23
104.26,2013-06-24
104.08,2013-06-25
104.21,2013-06-26
102.76,2013-06-27
97.46,2013-06-28
96.35,2013-06-29
96.4,2013-06-30
94.05,2013-07-01
89.99,2013-07-02
86.47,2013-07-03
79.23,2013-07-04
73.69,2013-07-05
69.61,2013-07-06
69.5,2013-07-07
77.14,2013-07-08
75.77,2013-07-09
78.75,2013-07-10
87.06,2013-07-11
95.9,2013-07-12
92.98,2013-07-13
95.74,2013-07-14
96.95,2013-07-15
97.98,2013-07-16
98.07,2013-07-17
91.91,2013-07-18
90.59,2013-07-19
91.85,2013-07-20
89.63,2013-07-21
91.11,2013-07-22
93.61,2013-07-23
90.26,2013-07-24
91.29,2013-07-25
91.89,2013-07-26
90.04,2013-07-27
90.99,2013-07-28
93.77,2013-07-29
94.46,2013-07-30
99.13,2013-07-31
97.64,2013-08-01
97.26,2013-08-02
96.42,2013-08-03
96.64,2013-08-04
97.94,2013-08-05
98.35,2013-08-06
97.52,2013-08-07
95.59,2013-08-08
93.87,2013-08-09
93.68,2013-08-10
94.41,2013-08-11
94.76,2013-08-12
96.26,2013-08-13
98.82,2013-08-14
98.77,2013-08-15
98.92,2013-08-16
98.5,2013-08-17
99.04,2013-08-18
102.0,2013-08-19
103.71,2013-08-20
107.73,2013-08-21
111.43,2013-08-22
108.2,2013-08-23
108.24,2013-08-24
111.21,2013-08-25
112.36,2013-08-26
116.92,2013-08-27
118.44,2013-08-28
118.55,2013-08-29
120.89,2013-08-30
128.3,2013-08-31
130.59,2013-09-01
131.0,2013-09-02
130.13,2013-09-03
127.89,2013-09-04
121.75,2013-09-05
121.31,2013-09-06
118.69,2013-09-07
118.9,2013-09-08
119.43,2013-09-09
122.92,2013-09-10
123.01,2013-09-11
126.85,2013-09-12
127.57,2013-09-13
126.26,2013-09-14
124.76,2013-09-15
125.88,2013-09-16
126.71,2013-09-17
127.35,2013-09-18
126.05,2013-09-19
124.02,2013-09-20
123.34,2013-09-21
123.05,2013-09-22
123.21,2013-09-23
122.91,2013-09-24
124.32,2013-09-25
124.23,2013-09-26
125.59,2013-09-27
126.5,2013-09-28
127.42,2013-09-29
126.2,2013-09-30
127.03,2013-10-01
121.09,2013-10-02
112.65,2013-10-03
120.82,2013-10-04
121.71,2013-10-05
121.94,2013-10-06
123.28,2013-10-07
123.84,2013-10-08
125.19,2013-10-09
126.01,2013-10-10
126.79,2013-10-11
127.51,2013-10-12
129.28,2013-10-13
135.3,2013-10-14
137.33,2013-10-15
143.74,2013-10-16
141.86,2013-10-17
147.9,2013-10-18
162.44,2013-10-19
166.31,2013-10-20
175.96,2013-10-21
191.94,2013-10-22
197.85,2013-10-23
195.89,2013-10-24
183.31,2013-10-25
183.38,2013-10-26
188.05,2013-10-27
197.05,2013-10-28
200.26,2013-10-29
202.9,2013-10-30
203.87,2013-10-31
206.5,2013-11-01
208.02,2013-11-02
210.24,2013-11-03
224.76,2013-11-04
243.38,2013-11-05
262.97,2013-11-06
287.71,2013-11-07
316.93,2013-11-08
341.95,2013-11-09
305.13,2013-11-10
334.54,2013-11-11
351.82,2013-11-12
382.25,2013-11-13
418.88,2013-11-14
421.25,2013-11-15
436.37,2013-11-16
472.2,2013-11-17
555.98,2013-11-18
626.62,2013-11-19
542.26,2013-11-20
660.85,2013-11-21
744.41,2013-11-22
837.24,2013-11-23
807.25,2013-11-24
813.36,2013-11-25
843.26,2013-11-26
934.18,2013-11-27
1014.18,2013-11-28
1073.16,2013-11-29
1145.46,2013-11-30
1019.89,2013-12-01
1012.05,2013-12-02
1045.47,2013-12-03
1092.27,2013-12-04
1046.48,2013-12-05
946.88,2013-12-06
726.74,2013-12-07
733.67,2013-12-08
868.92,2013-12-09
939.2,2013-12-10
910.59,2013-12-11
865.22,2013-12-12
881.75,2013-12-13
863.47,2013-12-14
841.3,2013-12-15
791.62,2013-12-16
694.64,2013-12-17
568.68,2013-12-18
617.84,2013-12-19
673.82,2013-12-20
609.94,2013-12-21
627.8,2013-12-22
636.66,2013-12-23
652.57,2013-12-24
658.34,2013-12-25
717.2,2013-12-26
729.3,2013-12-27
722.29,2013-12-28
716.4,2013-12-29
734.95,2013-12-30
730.04,2013-12-31
746.57,2014-01-01
758.69,2014-01-02
797.51,2014-01-03
812.82,2014-01-04
867.4,2014-01-05
939.67,2014-01-06
887.99,2014-01-07
815.31,2014-01-08
822.45,2014-01-09
825.13,2014-01-10
878.96,2014-01-11
865.95,2014-01-12
819.83,2014-01-13
824.01,2014-01-14
834.91,2014-01-15
834.03,2014-01-16
801.23,2014-01-17
807.79,2014-01-18
814.66,2014-01-19
832.68,2014-01-20
822.42,2014-01-21
818.27,2014-01-22
815.28,2014-01-23
789.77,2014-01-24
796.51,2014-01-25
813.15,2014-01-26
802.18,2014-01-27
779.64,2014-01-28
794.76,2014-01-29
792.74,2014-01-30
802.64,2014-01-31
812.73,2014-02-01
819.43,2014-02-02
810.28,2014-02-03
805.83,2014-02-04
803.16,2014-02-05
780.82,2014-02-06
724.08,2014-02-07
717.66,2014-02-08
718.4,2014-02-09
688.27,2014-02-10
695.23,2014-02-11
668.31,2014-02-12
647.36,2014-02-13
635.79,2014-02-14
656.64,2014-02-15
640.21,2014-02-16
635.22,2014-02-17
633.91,2014-02-18
627.79,2014-02-19
601.74,2014-02-20
569.67,2014-02-21
585.21,2014-02-22
622.84,2014-02-23
568.37,2014-02-24
510.52,2014-02-25
584.28,2014-02-26
588.34,2014-02-27
575.83,2014-02-28
568.3,2014-03-01
567.67,2014-03-02
611.39,2014-03-03
681.83,2014-03-04
668.03,2014-03-05
667.5,2014-03-06
645.26,2014-03-07
622.72,2014-03-08
630.47,2014-03-09
632.29,2014-03-10
628.44,2014-03-11
640.03,2014-03-12
643.19,2014-03-13
636.69,2014-03-14
635.83,2014-03-15
636.08,2014-03-16
628.62,2014-03-17
616.02,2014-03-18
613.99,2014-03-19
596.83,2014-03-20
583.06,2014-03-21
564.24,2014-03-22
565.85,2014-03-23
565.22,2014-03-24
579.79,2014-03-25
582.08,2014-03-26
543.99,2014-03-27
507.01,2014-03-28
502.43,2014-03-29
471.15,2014-03-30
459.97,2014-03-31
477.34,2014-04-01
467.26,2014-04-02
436.71,2014-04-03
446.09,2014-04-04
452.87,2014-04-05
460.12,2014-04-06
455.9,2014-04-07
454.05,2014-04-08
449.46,2014-04-09
409.24,2014-04-10
407.23,2014-04-11
428.27,2014-04-12
418.86,2014-04-13
447.92,2014-04-14
488.78,2014-04-15
519.14,2014-04-16
509.18,2014-04-17
489.46,2014-04-18
495.16,2014-04-19
505.66,2014-04-20
503.16,2014-04-21
496.46,2014-04-22
490.85,2014-04-23
490.21,2014-04-24
466.02,2014-04-25
458.79,2014-04-26
454.27,2014-04-27
439.32,2014-04-28
446.54,2014-04-29
447.13,2014-04-30
457.49,2014-05-01
453.05,2014-05-02
443.66,2014-05-03
437.74,2014-05-04
433.84,2014-05-05
429.37,2014-05-06
438.63,2014-05-07
444.29,2014-05-08
447.79,2014-05-09
453.19,2014-05-10
445.37,2014-05-11
440.01,2014-05-12
439.07,2014-05-13
443.48,2014-05-14
448.7,2014-05-15
448.46,2014-05-16
449.52,2014-05-17
448.04,2014-05-18
446.97,2014-05-19
468.81,2014-05-20
495.32,2014-05-21
512.42,2014-05-22
532.12,2014-05-23
523.27,2014-05-24
564.12,2014-05-25
583.44,2014-05-26
576.78,2014-05-27
575.6,2014-05-28
570.41,2014-05-29
595.67,2014-05-30
622.98,2014-05-31
647.14,2014-06-01
638.45,2014-06-02
666.45,2014-06-03
644.47,2014-06-04
653.91,2014-06-05
658.41,2014-06-06
653.58,2014-06-07
656.72,2014-06-08
650.68,2014-06-09
650.64,2014-06-10
639.98,2014-06-11
618.67,2014-06-12
590.64,2014-06-13
571.99,2014-06-14
566.1,2014-06-15
597.45,2014-06-16
596.17,2014-06-17
608.27,2014-06-18
605.47,2014-06-19
592.26,2014-06-20
590.33,2014-06-21
600.31,2014-06-22
591.33,2014-06-23
586.51,2014-06-24
569.62,2014-06-25
570.52,2014-06-26
585.44,2014-06-27
598.09,2014-06-28
597.11,2014-06-29
622.08,2014-06-30
649.23,2014-07-01
648.38,2014-07-02
647.63,2014-07-03
638.42,2014-07-04
631.42,2014-07-05
633.86,2014-07-06
628.09,2014-07-07
623.81,2014-07-08
624.24,2014-07-09
618.28,2014-07-10
625.54,2014-07-11
635.03,2014-07-12
633.42,2014-07-13
624.5,2014-07-14
623.43,2014-07-15
620.22,2014-07-16
619.4,2014-07-17
625.26,2014-07-18
629.25,2014-07-19
625.16,2014-07-20
621.3,2014-07-21
622.66,2014-07-22
620.94,2014-07-23
610.74,2014-07-24
601.96,2014-07-25
595.53,2014-07-26
595.46,2014-07-27
584.93,2014-07-28
584.62,2014-07-29
576.2,2014-07-30
575.53,2014-07-31
593.33,2014-08-01
593.11,2014-08-02
585.53,2014-08-03
588.16,2014-08-04
583.4,2014-08-05
581.73,2014-08-06
584.52,2014-08-07
590.54,2014-08-08
588.04,2014-08-09
589.55,2014-08-10
585.0,2014-08-11
568.7,2014-08-12
552.45,2014-08-13
519.89,2014-08-14
508.42,2014-08-15
503.35,2014-08-16
505.5,2014-08-17
478.64,2014-08-18
480.46,2014-08-19
493.93,2014-08-20
522.33,2014-08-21
514.23,2014-08-22
504.54,2014-08-23
504.14,2014-08-24
503.19,2014-08-25
509.1,2014-08-26
516.39,2014-08-27
510.34,2014-08-28
507.91,2014-08-29
503.91,2014-08-30
490.22,2014-08-31
480.33,2014-09-01
478.06,2014-09-02
475.92,2014-09-03
481.62,2014-09-04
484.19,2014-09-05
480.85,2014-09-06
480.42,2014-09-07
469.08,2014-09-08
467.02,2014-09-09
480.65,2014-09-10
475.77,2014-09-11
472.69,2014-09-12
475.29,2014-09-13
477.02,2014-09-14
475.68,2014-09-15
469.12,2014-09-16
456.59,2014-09-17
438.53,2014-09-18
406.7,2014-09-19
412.13,2014-09-20
403.98,2014-09-21
402.72,2014-09-22
409.79,2014-09-23
429.58,2014-09-24
412.39,2014-09-25
406.0,2014-09-26
403.57,2014-09-27
392.8,2014-09-28
378.43,2014-09-29
380.4,2014-09-30
385.8,2014-10-01
379.66,2014-10-02
369.38,2014-10-03
347.85,2014-10-04
315.65,2014-10-05
323.73,2014-10-06
329.7,2014-10-07
340.19,2014-10-08
363.36,2014-10-09
363.8,2014-10-10
360.0,2014-10-11
364.01,2014-10-12
380.1,2014-10-13
403.67,2014-10-14
395.16,2014-10-15
387.1,2014-10-16
380.38,2014-10-17
385.34,2014-10-18
389.89,2014-10-19
383.79,2014-10-20
385.39,2014-10-21
384.84,2014-10-22
368.58,2014-10-23
357.88,2014-10-24
350.4,2014-10-25
352.86,2014-10-26
354.25,2014-10-27
354.61,2014-10-28
346.64,2014-10-29
339.63,2014-10-30
342.67,2014-10-31
330.12,2014-11-01
325.03,2014-11-02
328.88,2014-11-03
326.85,2014-11-04
337.8,2014-11-05
342.88,2014-11-06
345.9,2014-11-07
343.87,2014-11-08
351.8,2014-11-09
367.12,2014-11-10
367.73,2014-11-11
396.32,2014-11-12
426.88,2014-11-13
397.89,2014-11-14
387.37,2014-11-15
384.89,2014-11-16
398.19,2014-11-17
382.4,2014-11-18
379.37,2014-11-19
366.43,2014-11-20
353.06,2014-11-21
358.4,2014-11-22
360.04,2014-11-23
375.5,2014-11-24
383.23,2014-11-25
372.16,2014-11-26
371.24,2014-11-27
369.51,2014-11-28
378.0,2014-11-29
376.86,2014-11-30
378.43,2014-12-01
379.59,2014-12-02
378.75,2014-12-03
374.21,2014-12-04
371.67,2014-12-05
374.72,2014-12-06
375.84,2014-12-07
370.06,2014-12-08
353.61,2014-12-09
350.7,2014-12-10
354.08,2014-12-11
353.61,2014-12-12
350.29,2014-12-13
352.14,2014-12-14
351.97,2014-12-15
338.51,2014-12-16
325.33,2014-12-17
314.76,2014-12-18
312.99,2014-12-19
325.14,2014-12-20
325.14,2014-12-21
328.56,2014-12-22
333.58,2014-12-23
330.3,2014-12-24
320.07,2014-12-25
324.11,2014-12-26
319.46,2014-12-27
316.2,2014-12-28
315.73,2014-12-29
313.27,2014-12-30
314.42,2014-12-31
316.23,2015-01-01
315.27,2015-01-02
303.94,2015-01-03
275.77,2015-01-04
272.45,2015-01-05
277.93,2015-01-06
289.45,2015-01-07
290.66,2015-01-08
285.92,2015-01-09
281.64,2015-01-10
275.07,2015-01-11
270.93,2015-01-12
239.94,2015-01-13
198.96,2015-01-14
207.55,2015-01-15
212.32,2015-01-16
201.43,2015-01-17
206.27,2015-01-18
212.55,2015-01-19
211.49,2015-01-20
215.66,2015-01-21
233.24,2015-01-22
230.3,2015-01-23
238.3,2015-01-24
249.36,2015-01-25
283.45,2015-01-26
260.5,2015-01-27
253.59,2015-01-28
233.76,2015-01-29
234.5,2015-01-30
229.54,2015-01-31
219.92,2015-02-01
227.18,2015-02-02
237.34,2015-02-03
226.17,2015-02-04
223.2,2015-02-05
220.52,2015-02-06
226.9,2015-02-07
225.96,2015-02-08
221.79,2015-02-09
219.07,2015-02-10
222.09,2015-02-11
221.3,2015-02-12
233.31,2015-02-13
247.08,2015-02-14
250.16,2015-02-15
235.22,2015-02-16
239.35,2015-02-17
240.93,2015-02-18
239.11,2015-02-19
244.79,2015-02-20
245.95,2015-02-21
242.76,2015-02-22
237.69,2015-02-23
239.48,2015-02-24
238.93,2015-02-25
237.38,2015-02-26
251.17,2015-02-27
253.76,2015-02-28
252.8,2015-03-01
263.78,2015-03-02
276.77,2015-03-03
279.98,2015-03-04
271.18,2015-03-05
273.93,2015-03-06
274.09,2015-03-07
275.72,2015-03-08
282.72,2015-03-09
295.12,2015-03-10
294.83,2015-03-11
295.29,2015-03-12
291.44,2015-03-13
285.33,2015-03-14
286.37,2015-03-15
292.8,2015-03-16
290.68,2015-03-17
275.56,2015-03-18
259.88,2015-03-19
263.27,2015-03-20
261.36,2015-03-21
263.08,2015-03-22
269.23,2015-03-23
249.36,2015-03-24
246.03,2015-03-25
250.08,2015-03-26
248.87,2015-03-27
252.43,2015-03-28
246.51,2015-03-29
246.37,2015-03-30
246.6,2015-03-31
244.92,2015-04-01
249.4,2015-04-02
254.9,2015-04-03
253.89,2015-04-04
255.95,2015-04-05
259.32,2015-04-06
255.68,2015-04-07
250.47,2015-04-08
244.9,2015-04-09
239.08,2015-04-10
237.02,2015-04-11
237.62,2015-04-12
233.85,2015-04-13
221.64,2015-04-14
222.32,2015-04-15
227.82,2015-04-16
225.04,2015-04-17
223.47,2015-04-18
224.73,2015-04-19
225.13,2015-04-20
227.19,2015-04-21
236.04,2015-04-22
234.93,2015-04-23
232.47,2015-04-24
229.64,2015-04-25
220.34,2015-04-26
222.16,2015-04-27
225.51,2015-04-28
225.04,2015-04-29
231.76,2015-04-30
235.97,2015-05-01
235.31,2015-05-02
239.73,2015-05-03
240.63,2015-05-04
235.99,2015-05-05
234.99,2015-05-06
232.53,2015-05-07
240.34,2015-05-08
243.45,2015-05-09
242.25,2015-05-10
242.19,2015-05-11
242.21,2015-05-12
242.81,2015-05-13
237.29,2015-05-14
237.95,2015-05-15
237.36,2015-05-16
237.38,2015-05-17
236.54,2015-05-18
233.51,2015-05-19
233.93,2015-05-20
235.59,2015-05-21
237.68,2015-05-22
239.78,2015-05-23
240.14,2015-05-24
238.88,2015-05-25
237.6,2015-05-26
237.7,2015-05-27
237.38,2015-05-28
236.85,2015-05-29
234.16,2015-05-30
232.59,2015-05-31
227.49,2015-06-01
224.65,2015-06-02
226.06,2015-06-03
225.34,2015-06-04
224.83,2015-06-05
225.02,2015-06-06
224.75,2015-06-07
226.43,2015-06-08
229.99,2015-06-09
229.16,2015-06-10
229.75,2015-06-11
230.06,2015-06-12
230.78,2015-06-13
233.9,2015-06-14
235.86,2015-06-15
242.28,2015-06-16
251.61,2015-06-17
249.27,2015-06-18
248.75,2015-06-19
243.93,2015-06-20
244.6,2015-06-21
246.19,2015-06-22
245.33,2015-06-23
242.61,2015-06-24
241.86,2015-06-25
242.01,2015-06-26
245.82,2015-06-27
250.01,2015-06-28
253.43,2015-06-29
263.04,2015-06-30
259.56,2015-07-01
257.24,2015-07-02
255.28,2015-07-03
257.13,2015-07-04
264.01,2015-07-05
272.59,2015-07-06
268.47,2015-07-07
269.17,2015-07-08
270.29,2015-07-09
281.24,2015-07-10
291.97,2015-07-11
305.61,2015-07-12
295.38,2015-07-13
290.83,2015-07-14
291.24,2015-07-15
282.64,2015-07-16
277.88,2015-07-17
279.07,2015-07-18
276.84,2015-07-19
277.58,2015-07-20
279.73,2015-07-21
276.99,2015-07-22
277.64,2015-07-23
283.49,2015-07-24
289.16,2015-07-25
291.41,2015-07-26
291.63,2015-07-27
296.1,2015-07-28
292.06,2015-07-29
288.63,2015-07-30
285.79,2015-07-31
281.26,2015-08-01
280.53,2015-08-02
283.15,2015-08-03
284.52,2015-08-04
283.71,2015-08-05
280.35,2015-08-06
279.52,2015-08-07
274.0,2015-08-08
265.09,2015-08-09
265.86,2015-08-10
266.77,2015-08-11
269.14,2015-08-12
265.15,2015-08-13
265.75,2015-08-14
266.39,2015-08-15
260.1,2015-08-16
258.6,2015-08-17
254.05,2015-08-18
232.71,2015-08-19
233.65,2015-08-20
234.51,2015-08-21
230.64,2015-08-22
230.37,2015-08-23
220.9,2015-08-24
216.01,2015-08-25
226.25,2015-08-26
226.52,2015-08-27
228.44,2015-08-28
230.62,2015-08-29
229.39,2015-08-30
229.55,2015-08-31
228.9,2015-09-01
227.83,2015-09-02
228.24,2015-09-03
229.9,2015-09-04
233.08,2015-09-05
240.77,2015-09-06
241.03,2015-09-07
243.84,2015-09-08
241.23,2015-09-09
239.07,2015-09-10
240.57,2015-09-11
239.14,2015-09-12
233.75,2015-09-13
231.08,2015-09-14
231.27,2015-09-15
229.42,2015-09-16
231.35,2015-09-17
233.48,2015-09-18
232.98,2015-09-19
232.61,2015-09-20
228.99,2015-09-21
229.76,2015-09-22
231.15,2015-09-23
232.79,2015-09-24
236.01,2015-09-25
235.13,2015-09-26
234.06,2015-09-27
238.17,2015-09-28
238.76,2015-09-29
237.54,2015-09-30
238.1,2015-10-01
238.49,2015-10-02
239.31,2015-10-03
239.77,2015-10-04
239.47,2015-10-05
243.8,2015-10-06
245.74,2015-10-07
244.39,2015-10-08
244.03,2015-10-09
245.14,2015-10-10
246.83,2015-10-11
247.64,2015-10-12
248.6,2015-10-13
252.19,2015-10-14
255.03,2015-10-15
260.27,2015-10-16
269.56,2015-10-17
268.6,2015-10-18
265.17,2015-10-19
267.88,2015-10-20
269.2,2015-10-21
273.13,2015-10-22
277.96,2015-10-23
281.06,2015-10-24
290.27,2015-10-25
285.09,2015-10-26
292.8,2015-10-27
302.03,2015-10-28
310.48,2015-10-29
326.64,2015-10-30
323.95,2015-10-31
319.49,2015-11-01
339.13,2015-11-02
386.58,2015-11-03
450.32,2015-11-04
399.88,2015-11-05
372.62,2015-11-06
383.99,2015-11-07
383.21,2015-11-08
375.35,2015-11-09
365.57,2015-11-10
316.13,2015-11-11
328.57,2015-11-12
334.6,2015-11-13
334.66,2015-11-14
330.7,2015-11-15
323.91,2015-11-16
335.73,2015-11-17
334.38,2015-11-18
331.45,2015-11-19
320.41,2015-11-20
324.77,2015-11-21
324.49,2015-11-22
323.59,2015-11-23
321.56,2015-11-24
323.8,2015-11-25
342.9,2015-11-26
356.2,2015-11-27
355.23,2015-11-28
360.54,2015-11-29
376.35,2015-11-30
367.73,2015-12-01
355.98,2015-12-02
362.75,2015-12-03
361.1,2015-12-04
375.23,2015-12-05
392.07,2015-12-06
392.18,2015-12-07
395.07,2015-12-08
415.62,2015-12-09
415.38,2015-12-10
432.88,2015-12-11
433.44,2015-12-12
436.3,2015-12-13
441.52,2015-12-14
457.13,2015-12-15
455.49,2015-12-16
453.57,2015-12-17
459.22,2015-12-18
462.52,2015-12-19
452.47,2015-12-20
436.51,2015-12-21
437.2,2015-12-22
438.92,2015-12-23
455.09,2015-12-24
455.57,2015-12-25
434.1,2015-12-26
422.54,2015-12-27
425.32,2015-12-28
425.43,2015-12-29
430.23,2015-12-30
427.19,2015-12-31
433.28,2016-01-01
435.06,2016-01-02
431.4,2016-01-03
433.62,2016-01-04
433.37,2016-01-05
431.95,2016-01-06
449.95,2016-01-07
456.35,2016-01-08
452.01,2016-01-09
446.77,2016-01-10
448.97,2016-01-11
447.12,2016-01-12
431.39,2016-01-13
431.94,2016-01-14
400.05,2016-01-15
371.2,2016-01-16
384.11,2016-01-17
380.44,2016-01-18
381.19,2016-01-19
391.16,2016-01-20
413.31,2016-01-21
394.17,2016-01-22
390.07,2016-01-23
396.87,2016-01-24
396.2,2016-01-25
393.23,2016-01-26
394.35,2016-01-27
384.35,2016-01-28
376.84,2016-01-29
379.2,2016-01-30
379.69,2016-01-31
373.12,2016-02-01
372.88,2016-02-02
371.07,2016-02-03
377.23,2016-02-04
385.98,2016-02-05
375.85,2016-02-06
376.57,2016-02-07
376.09,2016-02-08
371.98,2016-02-09
376.13,2016-02-10
375.45,2016-02-11
380.02,2016-02-12
388.42,2016-02-13
399.11,2016-02-14
402.38,2016-02-15
403.1,2016-02-16
414.18,2016-02-17
419.68,2016-02-18
419.56,2016-02-19
431.15,2016-02-20
438.13,2016-02-21
436.23,2016-02-22
426.91,2016-02-23
421.14,2016-02-24
422.99,2016-02-25
423.37,2016-02-26
432.11,2016-02-27
429.68,2016-02-28
436.19,2016-02-29
433.62,2016-03-01
430.93,2016-03-02
418.32,2016-03-03
417.49,2016-03-04
398.44,2016-03-05
401.82,2016-03-06
407.43,2016-03-07
412.02,2016-03-08
411.37,2016-03-09
413.52,2016-03-10
418.74,2016-03-11
413.76,2016-03-12
413.11,2016-03-13
413.71,2016-03-14
415.2,2016-03-15
415.04,2016-03-16
418.19,2016-03-17
412.9,2016-03-18
408.54,2016-03-19
411.48,2016-03-20
409.61,2016-03-21
415.75,2016-03-22
417.11,2016-03-23
415.79,2016-03-24
414.84,2016-03-25
416.55,2016-03-26
419.87,2016-03-27
422.78,2016-03-28
418.37,2016-03-29
413.27,2016-03-30
415.23,2016-03-31
416.25,2016-04-01
419.49,2016-04-02
419.7,2016-04-03
419.44,2016-04-04
421.55,2016-04-05
422.04,2016-04-06
421.49,2016-04-07
422.28,2016-04-08
418.46,2016-04-09
421.92,2016-04-10
422.62,2016-04-11
426.77,2016-04-12
426.62,2016-04-13
425.84,2016-04-14
428.74,2016-04-15
432.42,2016-04-16
432.72,2016-04-17
430.6,2016-04-18
431.22,2016-04-19
439.03,2016-04-20
445.71,2016-04-21
448.35,2016-04-22
450.03,2016-04-23
459.18,2016-04-24
464.31,2016-04-25
468.42,2016-04-26
461.95,2016-04-27
446.5,2016-04-28
452.87,2016-04-29
456.0,2016-04-30
455.33,2016-05-01
449.24,2016-05-02
448.76,2016-05-03
449.58,2016-05-04
449.43,2016-05-05
454.17,2016-05-06
461.47,2016-05-07
461.11,2016-05-08
461.9,2016-05-09
457.6,2016-05-10
455.73,2016-05-11
452.55,2016-05-12
456.21,2016-05-13
457.87,2016-05-14
460.34,2016-05-15
458.62,2016-05-16
455.61,2016-05-17
456.25,2016-05-18
450.7,2016-05-19
443.03,2016-05-20
445.6,2016-05-21
444.66,2016-05-22
443.74,2016-05-23
446.46,2016-05-24
449.91,2016-05-25
452.19,2016-05-26
470.5,2016-05-27
496.07,2016-05-28
521.82,2016-05-29
531.41,2016-05-30
533.7,2016-05-31
533.57,2016-06-01
536.26,2016-06-02
555.42,2016-06-03
576.83,2016-06-04
578.02,2016-06-05
583.14,2016-06-06
582.87,2016-06-07
580.26,2016-06-08
579.23,2016-06-09
577.85,2016-06-10
586.42,2016-06-11
642.92,2016-06-12
692.17,2016-06-13
687.54,2016-06-14
685.55,2016-06-15
743.23,2016-06-16
753.41,2016-06-17
756.32,2016-06-18
759.23,2016-06-19
751.39,2016-06-20
681.47,2016-06-21
653.84,2016-06-22
597.21,2016-06-23
666.78,2016-06-24
681.02,2016-06-25
652.55,2016-06-26
647.79,2016-06-27
651.79,2016-06-28
638.28,2016-06-29
672.8,2016-06-30
680.66,2016-07-01
702.12,2016-07-02
666.93,2016-07-03
679.54,2016-07-04
669.32,2016-07-05
677.63,2016-07-06
640.65,2016-07-07
665.45,2016-07-08
658.61,2016-07-09
652.02,2016-07-10
651.21,2016-07-11
671.61,2016-07-12
660.53,2016-07-13
661.54,2016-07-14
667.91,2016-07-15
666.37,2016-07-16
679.28,2016-07-17
675.85,2016-07-18
673.81,2016-07-19
667.51,2016-07-20
667.65,2016-07-21
653.28,2016-07-22
658.1,2016-07-23
660.62,2016-07-24
657.71,2016-07-25
656.77,2016-07-26
656.81,2016-07-27
657.14,2016-07-28
657.29,2016-07-29
656.06,2016-07-30
630.23,2016-07-31
602.34,2016-08-01
511.9,2016-08-02
573.15,2016-08-03
587.03,2016-08-04
582.63,2016-08-05
590.53,2016-08-06
595.25,2016-08-07
592.02,2016-08-08
588.43,2016-08-09
593.54,2016-08-10
589.03,2016-08-11
587.82,2016-08-12
586.16,2016-08-13
571.95,2016-08-14
568.03,2016-08-15
572.91,2016-08-16
576.59,2016-08-17
575.14,2016-08-18
574.88,2016-08-19
578.35,2016-08-20
581.98,2016-08-21
582.57,2016-08-22
583.23,2016-08-23
579.76,2016-08-24
575.37,2016-08-25
577.74,2016-08-26
574.22,2016-08-27
572.37,2016-08-28
574.14,2016-08-29
575.06,2016-08-30
572.53,2016-08-31
571.6,2016-09-01
573.38,2016-09-02
580.49,2016-09-03
606.49,2016-09-04
607.56,2016-09-05
608.93,2016-09-06
613.24,2016-09-07
623.09,2016-09-08
622.94,2016-09-09
623.44,2016-09-10
620.97,2016-09-11
607.2,2016-09-12
608.03,2016-09-13
609.59,2016-09-14
608.03,2016-09-15
606.86,2016-09-16
607.59,2016-09-17
609.06,2016-09-18
610.04,2016-09-19
608.82,2016-09-20
597.85,2016-09-21
596.88,2016-09-22
599.28,2016-09-23
603.88,2016-09-24
602.32,2016-09-25
605.25,2016-09-26
605.13,2016-09-27
604.73,2016-09-28
605.49,2016-09-29
606.24,2016-09-30
613.99,2016-10-01
612.84,2016-10-02
613.37,2016-10-03
610.68,2016-10-04
611.68,2016-10-05
612.58,2016-10-06
615.07,2016-10-07
618.95,2016-10-08
618.25,2016-10-09
617.66,2016-10-10
633.44,2016-10-11
640.28,2016-10-12
636.64,2016-10-13
636.92,2016-10-14
639.1,2016-10-15
641.7,2016-10-16
639.74,2016-10-17
637.51,2016-10-18
632.65,2016-10-19
628.55,2016-10-20
629.77,2016-10-21
639.7,2016-10-22
652.12,2016-10-23
649.29,2016-10-24
653.76,2016-10-25
663.91,2016-10-26
683.42,2016-10-27
687.62,2016-10-28
708.61,2016-10-29
707.52,2016-10-30
700.06,2016-10-31
721.59,2016-11-01
726.38,2016-11-02
724.42,2016-11-03
700.93,2016-11-04
705.43,2016-11-05
713.52,2016-11-06
707.97,2016-11-07
709.12,2016-11-08
727.78,2016-11-09
715.26,2016-11-10
715.04,2016-11-11
710.24,2016-11-12
697.19,2016-11-13
703.35,2016-11-14
711.02,2016-11-15
722.76,2016-11-16
742.66,2016-11-17
742.78,2016-11-18
748.62,2016-11-19
741.55,2016-11-20
734.79,2016-11-21
739.67,2016-11-22
742.02,2016-11-23
738.43,2016-11-24
734.43,2016-11-25
735.04,2016-11-26
733.42,2016-11-27
731.59,2016-11-28
731.84,2016-11-29
738.04,2016-11-30
748.61,2016-12-01
768.29,2016-12-02
765.86,2016-12-03
766.2,2016-12-04
755.96,2016-12-05
757.53,2016-12-06
761.72,2016-12-07
768.17,2016-12-08
770.22,2016-12-09
774.63,2016-12-10
769.57,2016-12-11
776.62,2016-12-12
780.73,2016-12-13
778.89,2016-12-14
778.53,2016-12-15
780.09,2016-12-16
789.16,2016-12-17
790.33,2016-12-18
792.76,2016-12-19
791.45,2016-12-20
814.76,2016-12-21
856.14,2016-12-22
898.22,2016-12-23
901.25,2016-12-24
873.31,2016-12-25
899.65,2016-12-26
916.86,2016-12-27
952.36,2016-12-28
973.47,2016-12-29
955.93,2016-12-30
960.78,2016-12-31
979.56,2017-01-01
1013.13,2017-01-02
1019.53,2017-01-03
1083.63,2017-01-04
1055.36,2017-01-05
937.53,2017-01-06
877.62,2017-01-07
924.49,2017-01-08
899.48,2017-01-09
906.89,2017-01-10
852.3,2017-01-11
791.17,2017-01-12
812.51,2017-01-13
834.84,2017-01-14
826.3,2017-01-15
834.87,2017-01-16
879.99,2017-01-17
889.45,2017-01-18
897.24,2017-01-19
898.51,2017-01-20
919.06,2017-01-21
928.5,2017-01-22
923.55,2017-01-23
908.24,2017-01-24
897.37,2017-01-25
909.23,2017-01-26
920.08,2017-01-27
924.13,2017-01-28
922.76,2017-01-29
920.47,2017-01-30
944.29,2017-01-31
975.59,2017-02-01
994.75,2017-02-02
1014.16,2017-02-03
1019.52,2017-02-04
1022.65,2017-02-05
1022.32,2017-02-06
1043.8,2017-02-07
1054.25,2017-02-08
1027.61,2017-02-09
983.91,2017-02-10
1013.77,2017-02-11
1012.4,2017-02-12
1005.16,2017-02-13
1008.49,2017-02-14
1012.45,2017-02-15
1028.53,2017-02-16
1049.92,2017-02-17
1066.44,2017-02-18
1059.44,2017-02-19
1062.84,2017-02-20
1104.68,2017-02-21
1124.96,2017-02-22
1149.44,2017-02-23
1187.88,2017-02-24
1172.51,2017-02-25
1165.41,2017-02-26
1189.71,2017-02-27
1195.68,2017-02-28
1210.37,2017-03-01
1245.78,2017-03-02
1279.09,2017-03-03
1281.62,2017-03-04
1267.37,2017-03-05
1281.63,2017-03-06
1258.84,2017-03-07
1196.78,2017-03-08
1179.28,2017-03-09
1207.92,2017-03-10
1181.02,2017-03-11
1206.3,2017-03-12
1237.88,2017-03-13
1247.29,2017-03-14
1253.52,2017-03-15
1223.74,2017-03-16
1130.96,2017-03-17
1032.36,2017-03-18
1012.91,2017-03-19
1035.6,2017-03-20
1085.68,2017-03-21
1050.92,2017-03-22
1035.89,2017-03-23
991.87,2017-03-24
930.11,2017-03-25
974.27,2017-03-26
1002.38,2017-03-27
1044.62,2017-03-28
1035.22,2017-03-29
1039.37,2017-03-30
1063.29,2017-03-31
1090.51,2017-04-01
1096.54,2017-04-02
1142.6,2017-04-03
1148.1,2017-04-04
1132.03,2017-04-05
1168.38,2017-04-06
1192.19,2017-04-07
1188.58,2017-04-08
1193.85,2017-04-09
1211.93,2017-04-10
1215.33,2017-04-11
1219.22,2017-04-12
1189.59,2017-04-13
1182.56,2017-04-14
1181.14,2017-04-15
1182.62,2017-04-16
1180.29,2017-04-17
1198.86,2017-04-18
1201.38,2017-04-19
1225.44,2017-04-20
1247.61,2017-04-21
1245.55,2017-04-22
1247.24,2017-04-23
1252.79,2017-04-24
1273.79,2017-04-25
1295.53,2017-04-26
1324.2,2017-04-27
1340.44,2017-04-28
1356.13,2017-04-29
1354.0,2017-04-30
1425.99,2017-05-01
1460.62,2017-05-02
1482.54,2017-05-03
1572.35,2017-05-04
1590.39,2017-05-05
1583.39,2017-05-06
1591.04,2017-05-07
1640.31,2017-05-08
1730.58,2017-05-09
1758.04,2017-05-10
1837.42,2017-05-11
1773.71,2017-05-12
1715.88,2017-05-13
1799.6,2017-05-14
1753.66,2017-05-15
1745.42,2017-05-16
1815.62,2017-05-17
1836.45,2017-05-18
1937.6,2017-05-19
2001.74,2017-05-20
2054.4,2017-05-21
2168.35,2017-05-22
2216.74,2017-05-23
2369.27,2017-05-24
2609.27,2017-05-25
2442.28,2017-05-26
2127.08,2017-05-27
2228.32,2017-05-28
2254.86,2017-05-29
2264.58,2017-05-30
2249.76,2017-05-31
2405.09,2017-06-01
2425.63,2017-06-02
2523.85,2017-06-03
2519.12,2017-06-04
2601.94,2017-06-05
2833.37,2017-06-06
2816.35,2017-06-07
2750.54,2017-06-08
2823.6,2017-06-09
2856.75,2017-06-10
2931.42,2017-06-11
2821.27,2017-06-12
2714.71,2017-06-13
2668.42,2017-06-14
2351.97,2017-06-15
2441.04,2017-06-16
2553.42,2017-06-17
2566.57,2017-06-18
2553.52,2017-06-19
2654.44,2017-06-20
2690.32,2017-06-21
2665.24,2017-06-22
2706.14,2017-06-23
2656.96,2017-06-24
2555.33,2017-06-25
2453.07,2017-06-26
2395.92,2017-06-27
2534.37,2017-06-28
2558.06,2017-06-29
2513.03,2017-06-30
2459.15,2017-07-01
2454.95,2017-07-02
2521.2,2017-07-03
2597.03,2017-07-04
2582.3,2017-07-05
2600.27,2017-07-06
2551.76,2017-07-07
2519.18,2017-07-08
2551.51,2017-07-09
2458.29,2017-07-10
2346.78,2017-07-11
2338.73,2017-07-12
2364.18,2017-07-13
2273.42,2017-07-14
2082.3,2017-07-15
1928.53,2017-07-16
2054.37,2017-07-17
2271.09,2017-07-18
2308.85,2017-07-19
2491.19,2017-07-20
2717.35,2017-07-21
2776.69,2017-07-22
2778.44,2017-07-23
2759.03,2017-07-24
2623.41,2017-07-25
2497.65,2017-07-26
2569.44,2017-07-27
2737.64,2017-07-28
2720.58,2017-07-29
2688.5,2017-07-30
2772.84,2017-07-31
2793.68,2017-08-01
2714.62,2017-08-02
2741.47,2017-08-03
2825.34,2017-08-04
3139.36,2017-08-05
3215.74,2017-08-06
3306.79,2017-08-07
3420.78,2017-08-08
3345.06,2017-08-09
3395.13,2017-08-10
3518.63,2017-08-11
3792.38,2017-08-12
4040.66,2017-08-13
4178.31,2017-08-14
4177.38,2017-08-15
4173.17,2017-08-16
4347.76,2017-08-17
4229.01,2017-08-18
4099.44,2017-08-19
4106.84,2017-08-20
4030.35,2017-08-21
3920.57,2017-08-22
4149.77,2017-08-23
4198.07,2017-08-24
4360.3,2017-08-25
4319.77,2017-08-26
4344.86,2017-08-27
4311.72,2017-08-28
4471.93,2017-08-29
4583.02,2017-08-30
4680.83,2017-08-31
4811.35,2017-09-01
4717.76,2017-09-02
4642.76,2017-09-03
4483.84,2017-09-04
4394.93,2017-09-05
4585.14,2017-09-06
4591.39,2017-09-07
4497.48,2017-09-08
4336.78,2017-09-09
4249.31,2017-09-10
4220.42,2017-09-11
4255.71,2017-09-12
3932.82,2017-09-13
3627.85,2017-09-14
3432.03,2017-09-15
3778.41,2017-09-16
3670.65,2017-09-17
3955.28,2017-09-18
3968.18,2017-09-19
3940.68,2017-09-20
3790.36,2017-09-21
3630.69,2017-09-22
3726.15,2017-09-23
3698.49,2017-09-24
3825.88,2017-09-25
3918.33,2017-09-26
4039.56,2017-09-27
4192.71,2017-09-28
4142.95,2017-09-29
4270.07,2017-09-30
4312.46,2017-10-01
4410.75,2017-10-02
4316.92,2017-10-03
4252.46,2017-10-04
4258.81,2017-10-05
4360.58,2017-10-06
4354.84,2017-10-07
4502.25,2017-10-08
4652.18,2017-10-09
4817.97,2017-10-10
4793.65,2017-10-11
5114.9,2017-10-12
5618.27,2017-10-13
5669.7,2017-10-14
5632.24,2017-10-15
5681.75,2017-10-16
5633.48,2017-10-17
5413.48,2017-10-18
5657.33,2017-10-19
5796.25,2017-10-20
6081.29,2017-10-21
5930.41,2017-10-22
5890.65,2017-10-23
5673.49,2017-10-24
5558.16,2017-10-25
5833.22,2017-10-26
5831.85,2017-10-27
5778.09,2017-10-28
5886.93,2017-10-29
6122.78,2017-10-30
6248.72,2017-10-31
6515.55,2017-11-01
6958.41,2017-11-02
7244.98,2017-11-03
7273.9,2017-11-04
7487.22,2017-11-05
7237.34,2017-11-06
7112.21,2017-11-07
7383.67,2017-11-08
7246.9,2017-11-09
6973.47,2017-11-10
6559.79,2017-11-11
6100.74,2017-11-12
6357.57,2017-11-13
6588.64,2017-11-14
7055.34,2017-11-15
7459.07,2017-11-16
7838.79,2017-11-17
7716.38,2017-11-18
7840.31,2017-11-19
8127.15,2017-11-20
8184.24,2017-11-21
8209.22,2017-11-22
8190.45,2017-11-23
8188.43,2017-11-24
8499.99,2017-11-25
9145.14,2017-11-26
9670.22,2017-11-27
9893.2,2017-11-28
10468.49,2017-11-29
10000.12,2017-11-30
10190.34,2017-12-01
10957.67,2017-12-02
11323.05,2017-12-03
11394.32,2017-12-04
11722.52,2017-12-05
12738.48,2017-12-06
15502.58,2017-12-07
16134.83,2017-12-08
15564.36,2017-12-09
14774.71,2017-12-10
16697.32,2017-12-11
17130.91,2017-12-12
17132.11,2017-12-13
16776.59,2017-12-14
17549.18,2017-12-15
18479.8,2017-12-16
19539.22,2017-12-17
18877.72,2017-12-18
18402.25,2017-12-19
16851.81,2017-12-20
16334.52,2017-12-21
13903.06,2017-12-22
15107.54,2017-12-23
14154.17,2017-12-24
14187.9,2017-12-25
15369.31,2017-12-26
15572.23,2017-12-27
14292.28,2017-12-28
14557.47,2017-12-29
13597.63,2017-12-30
13392.46,2017-12-31
13422.72,2018-01-01
13908.37,2018-01-02
14986.93,2018-01-03
14850.02,2018-01-04
15784.59,2018-01-05
16665.31,2018-01-06
16528.49,2018-01-07
15325.95,2018-01-08
14899.22,2018-01-09
14223.24,2018-01-10
13718.42,2018-01-11
13659.0,2018-01-12
14213.37,2018-01-13
13695.14,2018-01-14
13785.22,2018-01-15
12180.06,2018-01-16
10708.75,2018-01-17
11484.72,2018-01-18
11496.63,2018-01-19
12423.06,2018-01-20
11873.87,2018-01-21
11080.51,2018-01-22
10699.44,2018-01-23
10975.6,2018-01-24
11261.19,2018-01-25
10993.2,2018-01-26
11177.74,2018-01-27
11426.88,2018-01-28
11138.19,2018-01-29
10611.75,2018-01-30
9977.31,2018-01-31
9507.38,2018-02-01
8550.13,2018-02-02
8917.8,2018-02-03
8741.06,2018-02-04
7602.13,2018-02-05
6812.51,2018-02-06
7901.84,2018-02-07
8204.2,2018-02-08
8242.34,2018-02-09
8648.39,2018-02-10
8198.4,2018-02-11
8619.67,2018-02-12
8619.53,2018-02-13
9022.18,2018-02-14
9800.71,2018-02-15
10018.39,2018-02-16
10681.18,2018-02-17
10731.71,2018-02-18
10850.39,2018-02-19
11491.41,2018-02-20
10803.23,2018-02-21
10262.52,2018-02-22
9995.56,2018-02-23
9933.21,2018-02-24
9594.03,2018-02-25
9898.54,2018-02-26
10537.68,2018-02-27
10612.86,2018-02-28
10635.3,2018-03-01
10974.68,2018-03-02
11331.39,2018-03-03
11241.7,2018-03-04
11509.39,2018-03-05
11014.68,2018-03-06
10396.54,2018-03-07
9704.52,2018-03-08
8986.23,2018-03-09
9256.15,2018-03-10
9056.86,2018-03-11
9433.9,2018-03-12
9155.88,2018-03-13
8757.96,2018-03-14
8104.37,2018-03-15
8312.05,2018-03-16
8078.72,2018-03-17
7674.37,2018-03-18
8344.3,2018-03-19
8614.45,2018-03-20
8978.15,2018-03-21
8790.09,2018-03-22
8524.82,2018-03-23
8857.62,2018-03-24
8531.34,2018-03-25
8210.34,2018-03-26
7964.92,2018-03-27
7911.66,2018-03-28
7515.5,2018-03-29
6889.36,2018-03-30
7007.03,2018-03-31
6804.6,2018-04-01
6977.05,2018-04-02
7327.39,2018-04-03
7079.52,2018-04-04
6753.63,2018-04-05
6649.17,2018-04-06
6885.3,2018-04-07
6984.84,2018-04-08
6891.03,2018-04-09
6777.34,2018-04-10
6874.72,2018-04-11
7327.56,2018-04-12
7990.32,2018-04-13
8004.87,2018-04-14
8215.3,2018-04-15
8075.73,2018-04-16
8037.2,2018-04-17
8053.05,2018-04-18
8210.47,2018-04-19
8444.17,2018-04-20
8804.82,2018-04-21
8890.01,2018-04-22
8892.5,2018-04-23
9308.95,2018-04-24
9209.28,2018-04-25
8881.02,2018-04-26
9214.4,2018-04-27
9233.92,2018-04-28
9344.26,2018-04-29
9283.75,2018-04-30
8987.34,2018-05-01
9108.89,2018-05-02
9362.01,2018-05-03
9649.0,2018-05-04
9818.43,2018-05-05
9609.72,2018-05-06
9338.18,2018-05-07
9261.22,2018-05-08
9185.6,2018-05-09
9266.13,2018-05-10
8703.84,2018-05-11
8425.37,2018-05-12
8551.23,2018-05-13
8577.0,2018-05-14
8642.02,2018-05-15
8280.01,2018-05-16
8277.57,2018-05-17
8104.22,2018-05-18
8255.44,2018-05-19
8361.26,2018-05-20
8451.74,2018-05-21
8231.32,2018-05-22
7783.34,2018-05-23
7534.09,2018-05-24
7486.82,2018-05-25
7487.3,2018-05-26
7309.77,2018-05-27
7250.28,2018-05-28
7289.73,2018-05-29
7427.67,2018-05-30
7499.21,2018-05-31
7478.67,2018-06-01
7597.95,2018-06-02
7691.06,2018-06-03
7557.35,2018-06-04
7487.82,2018-06-05
7602.14,2018-06-06
7690.45,2018-06-07
7628.45,2018-06-08
7627.51,2018-06-09
7134.36,2018-06-10
6761.94,2018-06-11
6753.3,2018-06-12
6439.56,2018-06-13
6500.06,2018-06-14
6548.72,2018-06-15
6459.77,2018-06-16
6505.73,2018-06-17
6521.33,2018-06-18
6717.35,2018-06-19
6680.05,2018-06-20
6733.46,2018-06-21
6357.6,2018-06-22
6133.02,2018-06-23
6019.9,2018-06-24
6200.61,2018-06-25
6201.48,2018-06-26
6094.63,2018-06-27
6082.69,2018-06-28
5904.67,2018-06-29
6362.72,2018-06-30
6347.74,2018-07-01
6453.61,2018-07-02
6597.67,2018-07-03
6572.27,2018-07-04
6580.1,2018-07-05
6541.08,2018-07-06
6572.55,2018-07-07
6735.61,2018-07-08
6703.53,2018-07-09
6480.81,2018-07-10
6355.65,2018-07-11
6221.68,2018-07-12
6237.59,2018-07-13
6239.03,2018-07-14
6319.83,2018-07-15
6520.27,2018-07-16
6879.85,2018-07-17
7405.09,2018-07-18
7389.12,2018-07-19
7419.98,2018-07-20
7347.04,2018-07-21
7447.83,2018-07-22
7678.34,2018-07-23
8072.24,2018-07-24
8250.69,2018-07-25
8190.03,2018-07-26
8015.84,2018-07-27
8176.49,2018-07-28
8201.92,2018-07-29
8131.89,2018-07-30
7912.98,2018-07-31
7567.41,2018-08-01
7588.74,2018-08-02
7393.93,2018-08-03
7249.73,2018-08-04
6997.57,2018-08-05
6989.84,2018-08-06
6986.89,2018-08-07
6445.49,2018-08-08
6396.54,2018-08-09
6404.84,2018-08-10
6191.42,2018-08-11
6307.53,2018-08-12
6347.37,2018-08-13
6060.0,2018-08-14
6371.44,2018-08-15
6346.27,2018-08-16
6468.16,2018-08-17
6453.85,2018-08-18
6401.52,2018-08-19
6445.08,2018-08-20
6399.04,2018-08-21
6579.55,2018-08-22
6434.62,2018-08-23
6550.38,2018-08-24
6715.8,2018-08-25
6670.72,2018-08-26
6713.62,2018-08-27
6987.42,2018-08-28
7049.24,2018-08-29
6928.48,2018-08-30
6981.02,2018-08-31
7104.33,2018-09-01
7237.61,2018-09-02
7258.19,2018-09-03
7318.0,2018-09-04
7126.16,2018-09-05
6422.41,2018-09-06
6445.2,2018-09-07
6362.43,2018-09-08
6293.85,2018-09-09
6287.91,2018-09-10
6291.08,2018-09-11
6267.9,2018-09-12
6440.52,2018-09-13
6499.57,2018-09-14
6517.57,2018-09-15
6483.1,2018-09-16
6397.48,2018-09-17
6294.84,2018-09-18
6335.14,2018-09-19
6410.21,2018-09-20
6658.72,2018-09-21
6707.14,2018-09-22
6706.11,2018-09-23
6639.73,2018-09-24
6415.28,2018-09-25
6462.36,2018-09-26
6519.2,2018-09-27
6664.28,2018-09-28
6543.83,2018-09-29
6583.19,2018-09-30
6580.52,2018-10-01
6544.93,2018-10-02
6447.94,2018-10-03
6547.91,2018-10-04
6544.25,2018-10-05
6558.36,2018-10-06
6535.89,2018-10-07
6586.98,2018-10-08
6587.33,2018-10-09
6518.19,2018-10-10
6214.44,2018-10-11
6202.41,2018-10-12
6198.67,2018-10-13
6227.14,2018-10-14
6370.82,2018-10-15
6438.67,2018-10-16
6438.05,2018-10-17
6427.58,2018-10-18
6385.18,2018-10-19
6396.44,2018-10-20
6433.99,2018-10-21
6404.01,2018-10-22
6393.86,2018-10-23
6423.83,2018-10-24
6400.52,2018-10-25
6399.89,2018-10-26
6407.16,2018-10-27
6403.84,2018-10-28
6330.31,2018-10-29
6264.21,2018-10-30
6275.73,2018-10-31
6310.17,2018-11-01
6353.55,2018-11-02
6335.43,2018-11-03
6365.53,2018-11-04
6405.13,2018-11-05
6413.17,2018-11-06
6506.34,2018-11-07
6451.04,2018-11-08
6366.55,2018-11-09
6355.71,2018-11-10
6339.54,2018-11-11
6349.82,2018-11-12
6291.85,2018-11-13
6021.29,2018-11-14
5495.11,2018-11-15
5531.06,2018-11-16
5485.72,2018-11-17
5534.42,2018-11-18
5203.48,2018-11-19
4528.15,2018-11-20
4447.14,2018-11-21
4469.15,2018-11-22
4248.69,2018-11-23
4202.64,2018-11-24
3755.0,2018-11-25
3850.19,2018-11-26
3702.92,2018-11-27
4060.54,2018-11-28
4224.58,2018-11-29
4074.88,2018-11-30
4078.97,2018-12-01
4122.12,2018-12-02
3924.86,2018-12-03
3905.02,2018-12-04
3803.7,2018-12-05
3695.8,2018-12-06
3358.11,2018-12-07
3384.23,2018-12-08
3468.32,2018-12-09
3469.71,2018-12-10
3365.79,2018-12-11
3396.74,2018-12-12
3360.63,2018-12-13
3234.02,2018-12-14
3179.69,2018-12-15
3217.47,2018-12-16
3332.87,2018-12-17
3508.67,2018-12-18
3749.31701388889,2018-12-19
3924.45003472222,2018-12-20
3973.3065625,2018-12-21
3852.75729166667,2018-12-22
3978.68024305556,2018-12-23
4126.54090277778,2018-12-24
3774.59423611111,2018-12-25
3780.71581827874,2018-12-26
3717.43802083333,2018-12-27
3701.75215277778,2018-12-28
3873.93458333333,2018-12-29
3788.41,2018-12-30
3756.47465277778,2018-12-31
3700.59427083333,2019-01-01
3823.44527777778,2019-01-02
3829.97614583333,2019-01-03
3785.39614583333,2019-01-04
3834.66899305556,2019-01-05
3874.06055555556,2019-01-06
4022.76111111111,2019-01-07
4006.62927083333,2019-01-08
4011.02576388889,2019-01-09
3795.83618055556,2019-01-10
3637.02649305556,2019-01-11
3627.64166666667,2019-01-12
3581.46309027778,2019-01-13
3580.25690972222,2019-01-14
3641.47871527778,2019-01-15
3603.80694444444,2019-01-16
3603.41152777778,2019-01-17
3616.39225694444,2019-01-18
3672.57552083333,2019-01-19
3607.42666666667,2019-01-20
3535.89815972222,2019-01-21
3551.60225694444,2019-01-22
3569.19402777778,2019-01-23
3554.62100694444,2019-01-24
3556.80611111111,2019-01-25
3571.87621527778,2019-01-26
3546.05451388889,2019-01-27
3437.79274305556,2019-01-28
3398.89881118881,2019-01-29
3422.47618055556,2019-01-30
3425.00805555556,2019-01-31
3416.57253472222,2019-02-01
3433.05416666667,2019-02-02
3426.82104166667,2019-02-03
3414.36263888889,2019-02-04
3418.17236111111,2019-02-05
3371.58503472222,2019-02-06
3366.50628472222,2019-02-07
3451.5528125,2019-02-08
3615.90614583333,2019-02-09
3609.0115625,2019-02-10
3595.66368055556,2019-02-11
3578.09979166667,2019-02-12
3582.74503472222,2019-02-13
3569.76819444444,2019-02-14
3571.15666666667,2019-02-15
3588.61350694444,2019-02-16
3586.28451388889,2019-02-17
3755.81420138889,2019-02-18
3900.73041666667,2019-02-19
3910.66829861111,2019-02-20
3906.51559027778,2019-02-21
3926.0434375,2019-02-22
3981.40788194444,2019-02-23
3990.60697916667,2019-02-24
3792.34368055556,2019-02-25
3799.8009375,2019-02-26
3795.42336805556,2019-02-27
3810.63069444444,2019-02-28
3813.59895833333,2019-03-01
3805.80413194444,2019-03-02
3802.55194444444,2019-03-03
3725.02579861111,2019-03-04
3766.21538194444,2019-03-05
3839.69447916667,2019-03-06
3862.39263888889,2019-03-07
3872.51885416667,2019-03-08
3890.6965625,2019-03-09
3894.20802083333,2019-03-10
3865.05809027778,2019-03-11
3847.4196875,2019-03-12
3854.00375,2019-03-13
3850.41822916667,2019-03-14
3878.34458333333,2019-03-15
3979.7615625,2019-03-16
3963.51427083333,2019-03-17
3969.69680555556,2019-03-18
3976.92013888889,2019-03-19
3996.16065972222,2019-03-20
4006.00590277778,2019-03-21
3981.40111111111,2019-03-22
3981.16202083333,2019-03-23
3968.12934027778,2019-03-24
3949.00954861111,2019-03-25
3908.20125,2019-03-26
3993.50013888889,2019-03-27
4009.26291666667,2019-03-28
4058.35385416667,2019-03-29
4084.7465625,2019-03-30
4088.7971875,2019-03-31
4126.50635416667,2019-04-01
4648.01746527778,2019-04-02
5037.51225694444,2019-04-03
4971.38475694444,2019-04-04
4981.24430555556,2019-04-05
5044.38881944444,2019-04-06
5129.61190972222,2019-04-07
5242.65336805556,2019-04-08
5221.28097222222,2019-04-09
5271.34576388889,2019-04-10
5129.32412615741,2019-04-11
5047.75548611111,2019-04-12
5085.24194444444,2019-04-13
5079.63236111111,2019-04-14
5122.1071875,2019-04-15
5098.34940972222,2019-04-16
5218.13493055556,2019-04-17
5264.83537027379,2019-04-18
5260.52042824074,2019-04-19
5313.96704861111,2019-04-20
5289.83263888889,2019-04-21
5317.46642361111,2019-04-22
5532.43258741259,2019-04-23
5487.38190972222,2019-04-24
5423.69395833333,2019-04-25
5149.52663194444,2019-04-26
5165.60923611111,2019-04-27
5170.79465277778,2019-04-28
5155.54736111111,2019-04-29
5199.53839160839,2019-04-30
5304.85920138889,2019-05-01
5362.544375,2019-05-02
5617.69861111111,2019-05-03
5694.64347222222,2019-05-04
5722.75333333333,2019-05-05
5656.95888888889,2019-05-06
5864.58604166667,2019-05-07
5845.11736111111,2019-05-08
6048.54635416667,2019-05-09
6292.66388888889,2019-05-10
6808.76256944444,2019-05-11
7157.09059027778,2019-05-12
7411.75347222222,2019-05-13
7990.19614583333,2019-05-14
8054.72881944444,2019-05-15
7994.64618055556,2019-05-16
7266.8909375,2019-05-17
7326.67215277778,2019-05-18
7936.10423611111,2019-05-19
7906.03232638889,2019-05-20
7952.58904408408,2019-05-21
7889.01805555556,2019-05-22
7702.69885416667,2019-05-23
7981.51208333333,2019-05-24
8044.57385416667,2019-05-25
8126.79545138889,2019-05-26
8784.46333333333,2019-05-27
8726.51052083333,2019-05-28
8645.72895833333,2019-05-29
8631.92350694444,2019-05-30
8353.13892361111,2019-05-31
8543.3175,2019-06-01
8670.77423611111,2019-06-02
8531.80225694444,2019-06-03
7853.20302083333,2019-06-04
7775.05222222222,2019-06-05
7752.67333333333,2019-06-06
7939.24208333333,2019-06-07
7942.12131944444,2019-06-08
7800.83965277778,2019-06-09
7819.304375,2019-06-10
7895.82729166667,2019-06-11
8036.01347222222,2019-06-12
8169.99611111111,2019-06-13
8352.70128472222,2019-06-14
8726.55777777778,2019-06-15
9087.11413194444,2019-06-16
9233.17076388889,2019-06-17
9150.97,2019-06-18
9145.37090277778,2019-06-19
9352.20184209012,2019-06-20
9802.12947916667,2019-06-21
10724.0361111111,2019-06-22
10751.3867361111,2019-06-23
10845.0260416667,2019-06-24
11317.9761805556,2019-06-25
12643.2751388889,2019-06-26
11803.0124305556,2019-06-27
11681.4804861111,2019-06-28
11854.7507291667,2019-06-29
11544.8000347222,2019-06-30
10691.0800347222,2019-07-01
10302.9445086321,2019-07-02
11341.4561458333,2019-07-03
11760.6382638889,2019-07-04
11139.2007638889,2019-07-05
11414.8807638889,2019-07-06
11309.1686458333,2019-07-07
11792.3383333333,2019-07-08
12510.9232291667,2019-07-09
12647.9923263889,2019-07-10
11584.5127430556,2019-07-11
11586.2356944444,2019-07-12
11430.89125,2019-07-13
10861.4420486111,2019-07-14
10415.7919444444,2019-07-15
10354.4363888889,2019-07-16
9575.51902777778,2019-07-17
10056.9259027778,2019-07-18
10471.1696527778,2019-07-19
10679.1387847222,2019-07-20
10577.0322916667,2019-07-21
10450.2027083333,2019-07-22
10071.8387412587,2019-07-23
9700.44704861111,2019-07-24
10019.4906597222,2019-07-25
9775.15347222222,2019-07-26
9730.20454861111,2019-07-27
9484.72753472222,2019-07-28
9539.60708333333,2019-07-29
9538.05826388889,2019-07-30
9855.10201388889,2019-07-31
10083.0729513889,2019-08-01
10473.7651041667,2019-08-02
10783.5461111111,2019-08-03
10819.8523958333,2019-08-04
11678.5821180556,2019-08-05
11757.3248958333,2019-08-06
11706.7438194444,2019-08-07
11799.3241666667,2019-08-08
11819.8371180556,2019-08-09
11581.4605208333,2019-08-10
11376.21,2019-08-11
11394.7840277778,2019-08-12
11136.6990277778,2019-08-13
10437.0239236111,2019-08-14
10012.6038888889,2019-08-15
10230.7103472222,2019-08-16
10295.175,2019-08-17
10290.4488194444,2019-08-18
10616.0159027778,2019-08-19
10751.9516319444,2019-08-20
10192.7747569444,2019-08-21
10043.8183680556,2019-08-22
10264.7830555556,2019-08-23
10157.7107986111,2019-08-24
10100.713125,2019-08-25
10344.5149305556,2019-08-26
10172.5644444444,2019-08-27
10043.1229861111,2019-08-28
9518.62805555556,2019-08-29
9535.79194444444,2019-08-30
9593.78236111111,2019-08-31
9626.08770833333,2019-09-01
9947.89597222222,2019-09-02
10522.2360763889,2019-09-03
10561.4442361111,2019-09-04
10562.6644097222,2019-09-05
10656.9884375,2019-09-06
10421.595625,2019-09-07
10456.5757986111,2019-09-08
10299.5104513889,2019-09-09
10222.0070833333,2019-09-10
10062.8710416667,2019-09-11
10219.2313888889,2019-09-12
10315.9648263889,2019-09-13
10341.1051041667,2019-09-14
10316.1333680556,2019-09-15
10251.5619791667,2019-09-16
10216.6325347222,2019-09-17
10194.0417708333,2019-09-18
9988.03506944444,2019-09-19
10174.27125,2019-09-20
10037.7947569444,2019-09-21
9977.58979166667,2019-09-22
9875.88493055556,2019-09-23
9438.44192692621,2019-09-24
8412.27,2019-09-25
8095.285,2019-09-26
